id;login;senha_hash;ativo;ultimo_acesso
1;carefully;navigate;true;2025-05-10
2;holster ape elver;lest;false;2025-05-10
3;needily save;behind;true;2025-05-10
4;per;suspiciously selfishly;false;2025-05-10
5;often;elastic;false;2025-05-10
6;vary inside;jiggle quarrelsomely wire;true;2025-05-10
7;acceptable mouser nutritious;garage watery though;true;2025-05-10
8;until upside-down;provided helpfully;true;2025-05-10
9;creature on;angrily gosh diagram;false;2025-05-10
10;mmm;dearest why huddle;false;2025-05-09
